{"num_amer": -0.0, "num_restaurants": 0.0, "num_jap": -0.0, "rest_rating": 0.059908612428365357, "num_pizza": 1.0221757411850658, "bar_rev_count": 0.0, "num_chi": 3.9149452477597237, "num_violations": 0.0, "rest_rev_count": 0.0, "num_mex": 0.0, "num_smoking": -0.00071023519254587121, "num_food_est": -0.0, "num_Cviolations": 0.6566064829627094, "num_food_poi": -0.0016385982667233799, "num_cafe": -0.0, "num_latin": -0.0, "bar_rating": 0.056079544115871412, "num_ita": 0.0, "num_span": -0.0, "num_complaints": -0.0}